{
  "posts": [
    {
      "title": "Blog Post 1",
      "body": "This is a pretty cool blog post I made",
      "date": "19 March 2017",
      "id": 1
    },
    {
      "title": "Blog Post 2",
      "body": "Nice Body ;)",
      "date": "19 March 2017",
      "id": 2
    },
    {
      "title": "Blog Post 3",
      "body": "This is a blog post. It is fairly long. I just want to see what the layout will look like once I exceed the maximum size for a td.",
      "date": "19 March 2017",
      "id": 3
    }
  ]
}